<?xml version="1.0" encoding="UTF-8"?>
<!DOCTYPE mapper PUBLIC "-//mybatis.org//DTD Mapper 3.0//EN" "http://mybatis.org/dtd/mybatis-3-mapper.dtd">
<mapper namespace="adminMapper">

    <!-- Result Maps -->

    <!-- 전시회 Result Map -->
    <resultMap id="displayResultSet" type="com.kh.curaeasyadmin.model.vo.Display">
        <result column="DISPLAY_NO" property="displayNo"/>
        <result column="DISPLAY_NAME" property="displayName"/>
        <result column="DISPLAY_CONTENT" property="displayContent"/>
        <result column="DISPLAY_START_DATE" property="displayStartDate"/>
        <result column="DISPLAY_END_DATE" property="displayEndDate"/>
        <result column="DISPLAY_PRICE" property="displayPrice"/>
        <result column="DISPLAY_STATUS" property="displayStatus"/>
        <result column="ARTIST_NO" property="artistNo"/>
        <result column="GALLERY_NO" property="galleryNo"/>
        <result column="IMAGE_PATH" property="imagePath"/>
        <result column="GALLERY_NAME" property="galleryName"/>
        <result column="ARTIST_NICKNAME" property="artistNickName"/>
    </resultMap>
    
    <resultMap id="displayAttachmentResultMap" type="com.kh.curaeasyadmin.model.vo.DisplayAttachment">
        <result column="ATTACHMENT_NO" property="attachmentNo"/>
        <result column="ORIGIN_NAME" property="originName"/>
        <result column="CHANGE_NAME" property="changeName"/>
        <result column="IMAGE_LEVEL" property="imageLevel"/>
        <result column="STATUS" property="status"/>
        <result column="DISPLAY_NO" property="displayNo"/>
    </resultMap>

    <!-- 전시관 Result Map -->
    <resultMap id="galleryResultMap" type="com.kh.curaeasyadmin.model.vo.Gallery">
        <result property="galleryNo" column="GALLERY_NO"/>
        <result property="galleryName" column="GALLERY_NAME"/>
        <result property="galleryPlace" column="GALLERY_PLACE"/>
        <result property="galleryInfo" column="GALLERY_INFO"/>
        <result property="galleryType" column="GALLERY_TYPE"/>
    </resultMap>

    <!-- 대관 Result Map -->
    <resultMap id="rentalResultMap" type="com.kh.curaeasyadmin.model.vo.Rental">
        <result column="RENTAL_NO" property="rentalNo"/>
        <result column="RENTAL_APPLY_DATE" property="rentalApplyDate"/>
        <result column="RENTAL_START_DATE" property="rentalStartDate"/>
        <result column="RENTAL_END_DATE" property="rentalEndDate"/>
        <result column="RENTAL_CONTENT" property="rentalContent"/>
        <result column="RENTAL_RESULT" property="rentalResult"/>
        <result column="RENTAL_STATUS" property="rentalStatus"/>
        <result column="ARTIST_NO" property="artistNo"/>
        <result column="GALLERY_NO" property="galleryNo"/>
        <result column="GALLERY_NAME" property="galleryName"/>
        <result column="ARTIST_NICKNAME" property="artistNickName"/>
    </resultMap>

    <!-- 예매 Result Map -->
    <resultMap id="reserveResultSet" type="com.kh.curaeasyadmin.model.vo.Reserve">
        <result column="RESERVE_NO" property="reserveNo" />
        <result column="RESERVE_COUNT" property="reserveCount" />
        <result column="PAYMENT_CODE" property="paymentCode" />
        <result column="PAYMENT_DATE" property="paymentDate" />
        <result column="ENTRANCE_DATE" property="entranceDate" />
        <result column="PAYMENT_PRICE" property="paymentPrice" />
        <result column="RESERVE_STATUS" property="reserveStatus" />
        <result column="MEMBER_NO" property="memberNo" />
        <result column="DISPLAY_NO" property="displayNo" />
        <result column="MEMBER_NAME" property="memberName" />
        <result column="DISPLAY_NAME" property="displayName" />
    </resultMap>

    <!-- 공지사항 Result Map -->
    <resultMap id="noticeResultSet" type="com.kh.curaeasyadmin.model.vo.Notice">
        <result column="NOTICE_NO" property="noticeNo"/>
        <result column="NOTICE_TITLE" property="noticeTitle"/>
        <result column="NOTICE_CONTENT" property="noticeContent"/>
        <result column="NOTICE_DATE" property="noticeDate"/>
        <result column="NOTICE_ATTACHMENT" property="noticeAttachment"/>
        <result column="NOTICE_STATUS" property="noticeStatus"/>
        <result column="NOTICE_COUNT" property="noticeCount"/>
    </resultMap>

    <!-- 후기 Result Map -->
    <resultMap id="reviewResultSet" type="com.kh.curaeasyadmin.model.vo.Review">
        <result column="REVIEW_NO" property="reviewNo"/>
        <result column="REVIEW_TITLE" property="reviewTitle"/>
        <result column="REVIEW_CONTENT" property="reviewContent"/>
        <result column="REVIEW_ENROLL_DATE" property="reviewEnrollDate"/>
        <result column="REVIEW_COUNT" property="reviewCount"/>
        <result column="REVIEW_IMAGE" property="reviewImage"/>
        <result column="REVIEW_STATUS" property="reviewStatus"/>
        <result column="MEMBER_NO" property="memberNo"/>
        <result column="MEMBER_ID" property="memberId"/>
    </resultMap>

    <!-- 일반 회원 Result Map -->
    <resultMap id="memberResultSet" type="com.kh.curaeasyadmin.model.vo.Member">
        <result column="MEMBER_NO" property="memberNo"/>
        <result column="MEMBER_ID" property="memberId"/>
        <result column="MEMBER_PWD" property="memberPwd"/>
        <result column="MEMBER_NAME" property="memberName"/>
        <result column="MEMBER_PHONE" property="memberPhone"/>
        <result column="MEMBER_EMAIL" property="memberEmail"/>
        <result column="MEMBER_ADDRESS" property="memberAddress"/>
        <result column="MEMBER_BIRTHDAY" property="memberBirthday"/>
        <result column="MEMBER_ENROLL_DATE" property="memberEnrollDate"/>
        <result column="ARTIST_ONGOING" property="artistOngoing"/>
        <result column="MEMBER_STATUS" property="memberStatus"/>
    </resultMap>

    <!-- 작가 Result Map -->
    <resultMap id="artistResultSet" type="com.kh.curaeasyadmin.model.vo.Artist">
        <result column="ARTIST_NO" property="artistNo"/>
        <result column="ARTIST_NICKNAME" property="artistNickName"/>
        <result column="ARTIST_ORDINAL" property="artistOrdinal"/>
        <result column="ARTIST_APPLY_DATE" property="artistApplyDate"/>
        <result column="ARTIST_APPLY_TITLE" property="artistApplyTitle"/>
        <result column="ARTIST_INTRODUCE" property="artistIntroduce"/>
        <result column="ARTIST_IMAGE" property="artistImage"/>
        <result column="ARTIST_RESULT" property="artistResult"/>
        <result column="ARTIST_STATUS" property="artistStatus"/>
        <result column="MEMBER_NO" property="memberNo"/>
    </resultMap>

    <!-- 댓글 Result Map -->
    <resultMap id="replyResultSet" type="com.kh.curaeasyadmin.model.vo.Reply">
        <result column="REPLY_NO" property="replyNo"/>
        <result column="REPLY_CONTENT" property="replyContent"/>
        <result column="REPLY_ENROLL_DATE" property="replyEnrollDate"/>
        <result column="REPLY_STATUS" property="replyStatus"/>
        <result column="REVIEW_NO" property="reviewNo"/>
        <result column="MEMBER_NO" property="memberNo"/>
    </resultMap>
    
    <!-- 대시보드 관련 result map -->
    <resultMap id="monthlyReservationsResultMap" type="com.kh.curaeasyadmin.model.vo.MonthlyReservation">
    	<result column="month" property="month" />
    	<result column="count" property="count" />
	</resultMap>

	<resultMap id="topDisplayResultMap" type="com.kh.curaeasyadmin.model.vo.TopDisplay">
	    <result column="DISPLAY_NO" property="displayNo" />
	    <result column="total_reservations" property="totalReservations" />
	</resultMap>

    <!-- Select Statements -->
    
    <!-- 대시보드 -->
    
    <select id="getMemberCount" resultType="int">
        SELECT COUNT(*) FROM member
    </select>

    <select id="getCurrentYearSales" resultType="int">
		SELECT SUM(PAYMENT_PRICE * RESERVE_COUNT) AS total_sales
		FROM RESERVE
		WHERE EXTRACT(YEAR FROM PAYMENT_DATE) = 2024
    </select>

    <select id="getDisplayCount" resultType="int">
        SELECT COUNT(*) FROM "DISPLAY"
    </select>

    <select id="getArtistsAwaitingApproval" resultType="int">
       SELECT COUNT(*) FROM ARTIST WHERE ARTIST_RESULT = 'N'
    </select>
    
	<select id="getTop5Displays" resultMap="topDisplayResultMap">
		SELECT * FROM (
		    SELECT DISPLAY_NO, SUM(RESERVE_COUNT) AS total_reservations
		    FROM RESERVE
		    GROUP BY DISPLAY_NO
		    ORDER BY SUM(RESERVE_COUNT) DESC
		)
		WHERE ROWNUM &lt;= 5
	</select>

	<select id="getMonthlyReservationCounts" resultMap="monthlyReservationsResultMap">
	    SELECT EXTRACT(MONTH FROM PAYMENT_DATE) AS month, SUM(RESERVE_COUNT) AS count
	    FROM RESERVE
	    WHERE EXTRACT(YEAR FROM PAYMENT_DATE) = EXTRACT(YEAR FROM SYSDATE)
	    GROUP BY EXTRACT(MONTH FROM PAYMENT_DATE)
	    ORDER BY EXTRACT(MONTH FROM PAYMENT_DATE)
	</select>
    
    
    
    <!-- 전시회 관리 -->
    <select id="getDisplayListCount" parameterType="String" resultType="int">
        SELECT COUNT(*)
        FROM DISPLAY D
        JOIN ARTIST A ON D.ARTIST_NO = A.ARTIST_NO
        JOIN GALLERY G ON D.GALLERY_NO = G.GALLERY_NO
        WHERE D.DISPLAY_NAME LIKE '%' || #{searchKeyword} || '%'
        OR D.DISPLAY_CONTENT LIKE '%' || #{searchKeyword} || '%'
        OR A.ARTIST_NICKNAME LIKE '%' || #{searchKeyword} || '%'
    </select>

    <select id="selectDisplayList" parameterType="String" resultMap="displayResultSet">
        SELECT 
            D.DISPLAY_NO,
            D.DISPLAY_NAME,
            D.DISPLAY_CONTENT,
            D.DISPLAY_START_DATE,
            D.DISPLAY_END_DATE,
            D.DISPLAY_PRICE,
            D.DISPLAY_STATUS,
            A.ARTIST_NICKNAME,
            G.GALLERY_NAME
        FROM DISPLAY D
        JOIN ARTIST A ON D.ARTIST_NO = A.ARTIST_NO
        JOIN GALLERY G ON D.GALLERY_NO = G.GALLERY_NO
        WHERE D.DISPLAY_NAME LIKE '%' || #{searchKeyword} || '%'
        OR D.DISPLAY_CONTENT LIKE '%' || #{searchKeyword} || '%'
        OR A.ARTIST_NICKNAME LIKE '%' || #{searchKeyword} || '%'
        ORDER BY D.DISPLAY_NO DESC
    </select>

    <select id="selectDisplay" parameterType="int" resultMap="displayResultSet">
        SELECT 
            D.DISPLAY_NO,
            D.DISPLAY_NAME,
            D.DISPLAY_CONTENT,
            TO_CHAR(D.DISPLAY_START_DATE, 'YYYY-MM-DD') AS DISPLAY_START_DATE,
            TO_CHAR(D.DISPLAY_END_DATE, 'YYYY-MM-DD') AS DISPLAY_END_DATE,
            D.DISPLAY_PRICE,
            D.DISPLAY_STATUS,
            D.ARTIST_NO,
            D.GALLERY_NO,
            (SELECT CHANGE_NAME FROM DISPLAY_ATTACHMENT WHERE DISPLAY_NO = D.DISPLAY_NO AND IMAGE_LEVEL = 1 AND ROWNUM = 1) AS IMAGE_PATH,
            G.GALLERY_NAME,
            A.ARTIST_NICKNAME
        FROM 
            DISPLAY D
        JOIN 
            GALLERY G ON D.GALLERY_NO = G.GALLERY_NO
        JOIN 
            ARTIST A ON D.ARTIST_NO = A.ARTIST_NO
        WHERE 
            D.DISPLAY_NO = #{displayNo}
    </select>

    <select id="selectDisplayById" parameterType="int" resultMap="displayResultSet">
        SELECT 
            DISPLAY_NO,
            DISPLAY_NAME,
            DISPLAY_CONTENT,
            DISPLAY_START_DATE,
            DISPLAY_END_DATE,
            DISPLAY_PRICE,
            DISPLAY_STATUS,
            ARTIST_NO,
            GALLERY_NO,
            (SELECT CHANGE_NAME FROM DISPLAY_ATTACHMENT WHERE DISPLAY_NO = #{displayNo} AND IMAGE_LEVEL = 1 AND ROWNUM = 1) AS IMAGE_PATH
        FROM DISPLAY
        WHERE DISPLAY_NO = #{displayNo}
    </select>
    
    <select id="selectAttachmentsByDisplayNo" parameterType="int" resultMap="displayAttachmentResultMap">
        SELECT 
            ATTACHMENT_NO,
            ORIGIN_NAME,
            CHANGE_NAME,
            IMAGE_LEVEL,
            STATUS,
            DISPLAY_NO
        FROM DISPLAY_ATTACHMENT
        WHERE DISPLAY_NO = #{displayNo}
    </select>
    
    <select id="selectAttachment1" parameterType="_int" resultMap="displayAttachmentResultMap">
        SELECT * FROM DISPLAY_ATTACHMENT WHERE DISPLAY_NO = #{displayNo} AND IMAGE_LEVEL = 1
    </select>
    <select id="selectAttachment2" parameterType="_int" resultMap="displayAttachmentResultMap">
        SELECT * FROM DISPLAY_ATTACHMENT WHERE DISPLAY_NO = #{displayNo} AND IMAGE_LEVEL = 2
    </select>

   <update id="updateDisplayDate" parameterType="com.kh.curaeasyadmin.model.vo.Display">
        UPDATE DISPLAY
        SET DISPLAY_NAME = #{displayName},
            DISPLAY_CONTENT = #{displayContent},
            DISPLAY_START_DATE = #{displayStartDate},
            DISPLAY_END_DATE = #{displayEndDate},
            DISPLAY_PRICE = #{displayPrice},
            DISPLAY_STATUS = #{displayStatus},
            ARTIST_NO = (SELECT ARTIST_NO FROM ARTIST WHERE ARTIST_NICKNAME = #{artistNickName}),
            GALLERY_NO = (SELECT GALLERY_NO FROM GALLERY WHERE GALLERY_NAME = #{galleryName})
        WHERE DISPLAY_NO = #{displayNo}
    </update>
		
	<update id="updateAttachment" parameterType="com.kh.curaeasyadmin.model.vo.DisplayAttachment">
        UPDATE DISPLAY_ATTACHMENT
        SET CHANGE_NAME = #{changeName}
        WHERE DISPLAY_NO = #{displayNo} AND IMAGE_LEVEL = #{imageLevel} AND ATTACHMENT_NO = #{attachmentNo}
    </update>
    

    <update id="deleteDisplay" parameterType="int">
        UPDATE DISPLAY
        SET DISPLAY_STATUS = '종료'
        WHERE DISPLAY_NO = #{displayNo}
    </update>
    
    <!-- Insert new display -->
    <insert id="addDisplay" parameterType="com.kh.curaeasyadmin.model.vo.Display">
        INSERT INTO DISPLAY (DISPLAY_NO, DISPLAY_NAME, DISPLAY_CONTENT, DISPLAY_START_DATE, DISPLAY_END_DATE, DISPLAY_PRICE, DISPLAY_STATUS, ARTIST_NO, GALLERY_NO)
        VALUES (SEQ_DISPLAY_NO.NEXTVAL, #{displayName}, #{displayContent}, #{displayStartDate}, #{displayEndDate}, #{displayPrice}, #{displayStatus},
                (SELECT ARTIST_NO FROM ARTIST WHERE ARTIST_NICKNAME = #{artistNickName}),
                (SELECT GALLERY_NO FROM GALLERY WHERE GALLERY_NAME = #{galleryName}))
    </insert>

    <!-- Insert display attachment -->
    <insert id="addDisplayAttachment" parameterType="com.kh.curaeasyadmin.model.vo.DisplayAttachment">
        INSERT INTO DISPLAY_ATTACHMENT (ATTACHMENT_NO, ORIGIN_NAME, CHANGE_NAME, IMAGE_LEVEL, STATUS, DISPLAY_NO)
        VALUES (SEQ_DISPLAY_ATTACHMENT_NO.NEXTVAL, #{originName}, #{changeName}, #{imageLevel}, #{status}, #{displayNo})
    </insert>

    <!-- 전시관 관리 -->
	<select id="getGalleryListCount" parameterType="String" resultType="int">
	    SELECT COUNT(*)
	    FROM GALLERY
	    WHERE GALLERY_NAME LIKE '%' || #{searchKeyword} || '%'
	    OR GALLERY_PLACE LIKE '%' || #{searchKeyword} || '%'
	    OR GALLERY_TYPE LIKE '%' || #{searchKeyword} || '%'
	</select>
	
	<select id="selectGalleryList" parameterType="map" resultMap="galleryResultMap">
	    SELECT 
	        GALLERY_NO,
	        GALLERY_NAME,
	        GALLERY_PLACE,
	        GALLERY_INFO,
	        GALLERY_TYPE
	    FROM GALLERY
	    WHERE GALLERY_NAME LIKE '%' || #{searchKeyword} || '%'
	    OR GALLERY_PLACE LIKE '%' || #{searchKeyword} || '%'
	    OR GALLERY_TYPE LIKE '%' || #{searchKeyword} || '%'
	    ORDER BY GALLERY_NO DESC
	</select>
	
	<select id="selectGallery" parameterType="int" resultMap="galleryResultMap">
	    SELECT 
	        GALLERY_NO,
	        GALLERY_NAME,
	        GALLERY_PLACE,
	        GALLERY_INFO,
	        GALLERY_TYPE
	    FROM GALLERY
	    WHERE GALLERY_NO = #{galleryNo}
	</select>
	
	<update id="updateGallery" parameterType="com.kh.curaeasyadmin.model.vo.Gallery">
	    UPDATE GALLERY
	    SET GALLERY_NAME = #{galleryName},
	        GALLERY_PLACE = #{galleryPlace},
	        GALLERY_INFO = #{galleryInfo},
	        GALLERY_TYPE = #{galleryType}
	    WHERE GALLERY_NO = #{galleryNo}
	</update>
	
	<insert id="addGallery" parameterType="com.kh.curaeasyadmin.model.vo.Gallery">
        INSERT INTO GALLERY (GALLERY_NO, GALLERY_NAME, GALLERY_PLACE, GALLERY_INFO, GALLERY_TYPE)
        VALUES (SEQ_GALLERY_NO.NEXTVAL, #{galleryName}, #{galleryPlace}, #{galleryInfo}, #{galleryType})
    </insert>
	
	<update id="deleteGallery" parameterType="int">
	    DELETE FROM GALLERY
	    WHERE GALLERY_NO = #{galleryNo}
	</update>
	

	<!-- 대관신청 관리 -->
	<select id="getRentalListCount" parameterType="map" resultType="int">
	    SELECT COUNT(*)
	    FROM RENTAL R
	    LEFT JOIN GALLERY G ON R.GALLERY_NO = G.GALLERY_NO
	    LEFT JOIN ARTIST A ON R.ARTIST_NO = A.ARTIST_NO
	    <where>
	        <if test="searchCategory != null and searchCategory != '' and searchKeyword != null and searchKeyword != ''">
	            ${searchCategory} LIKE '%' || #{searchKeyword} || '%'
	        </if>
	    </where>
	</select>
	
	<select id="selectRentalList" parameterType="map" resultMap="rentalResultMap">
	    SELECT R.*, G.GALLERY_NAME, A.ARTIST_NICKNAME
	    FROM RENTAL R
	    LEFT JOIN GALLERY G ON R.GALLERY_NO = G.GALLERY_NO
	    LEFT JOIN ARTIST A ON R.ARTIST_NO = A.ARTIST_NO
	    <where>
	        <if test="searchCategory != null and searchCategory != '' and searchKeyword != null and searchKeyword != ''">
	            ${searchCategory} LIKE '%' || #{searchKeyword} || '%'
	        </if>
	    </where>
	    ORDER BY R.RENTAL_NO DESC
	</select>

    
	<select id="selectRentalByNo" parameterType="int" resultMap="rentalResultMap">
	    SELECT 
	        R.RENTAL_NO, 
	        R.RENTAL_APPLY_DATE, 
	        R.RENTAL_START_DATE, 
	        R.RENTAL_END_DATE, 
	        R.RENTAL_CONTENT, 
	        R.RENTAL_RESULT, 
	        R.RENTAL_STATUS, 
	        R.GALLERY_NO, 
	        R.ARTIST_NO, 
	        G.GALLERY_NAME, 
	        A.ARTIST_NICKNAME
	    FROM RENTAL R
	    LEFT JOIN GALLERY G ON R.GALLERY_NO = G.GALLERY_NO
	    LEFT JOIN ARTIST A ON R.ARTIST_NO = A.ARTIST_NO
	    WHERE R.RENTAL_NO = #{rentalNo}
	</select>

    <update id="updateRentalStatus" parameterType="int">
        UPDATE RENTAL
        SET RENTAL_STATUS = 'Y'
        ,RENTAL_RESULT = '승인됨'
        WHERE RENTAL_NO = #{rentalNo}
    </update>
    
    <update id="updateRental" parameterType="com.kh.curaeasyadmin.model.vo.Rental">
	    UPDATE RENTAL
	    SET 
	        RENTAL_START_DATE = #{rentalStartDate},
	        RENTAL_END_DATE = #{rentalEndDate},
	        RENTAL_STATUS = #{rentalStatus}
	    WHERE RENTAL_NO = #{rentalNo}
    </update>
   

    <!-- 예매 관리 -->
    <select id="getReserveListCount" parameterType="map" resultType="int">
        SELECT COUNT(*)
        FROM RESERVE R
        JOIN MEMBER M ON R.MEMBER_NO = M.MEMBER_NO
        JOIN DISPLAY D ON R.DISPLAY_NO = D.DISPLAY_NO
        <where>
            <if test="searchCategory != null and searchCategory == 'reserveNo'">
                AND R.RESERVE_NO LIKE '%' || #{searchValue} || '%'
            </if>
            <if test="searchCategory != null and searchCategory == 'memberNo'">
                AND R.MEMBER_NO LIKE '%' || #{searchValue} || '%'
            </if>
            <if test="searchCategory != null and searchCategory == 'displayNo'">
                AND R.DISPLAY_NO LIKE '%' || #{searchValue} || '%'
            </if>
            <if test="searchCategory == null or searchCategory == 'all'">
                AND (R.RESERVE_NO LIKE '%' || #{searchValue} || '%'
                OR R.MEMBER_NO LIKE '%' || #{searchValue} || '%'
                OR R.DISPLAY_NO LIKE '%' || #{searchValue} || '%')
            </if>
        </where>
    </select>

    <select id="selectReserveList" parameterType="map" resultMap="reserveResultSet">
        SELECT 
            R.RESERVE_NO,
            R.RESERVE_COUNT,
            R.PAYMENT_CODE,
            TO_CHAR(R.PAYMENT_DATE, 'YYYY-MM-DD') AS PAYMENT_DATE,
            TO_CHAR(R.ENTRANCE_DATE, 'YYYY-MM-DD') AS ENTRANCE_DATE,
            R.PAYMENT_PRICE,
            R.RESERVE_STATUS,
            R.MEMBER_NO,
            R.DISPLAY_NO,
            M.MEMBER_NAME,
            D.DISPLAY_NAME
        FROM RESERVE R
        JOIN MEMBER M ON R.MEMBER_NO = M.MEMBER_NO
        JOIN DISPLAY D ON R.DISPLAY_NO = D.DISPLAY_NO
        <where>
            <if test="searchCategory != null and searchCategory == 'reserveNo'">
                AND R.RESERVE_NO LIKE '%' || #{searchValue} || '%'
            </if>
            <if test="searchCategory != null and searchCategory == 'memberNo'">
                AND R.MEMBER_NO LIKE '%' || #{searchValue} || '%'
            </if>
            <if test="searchCategory != null and searchCategory == 'displayNo'">
                AND R.DISPLAY_NO LIKE '%' || #{searchValue} || '%'
            </if>
            <if test="searchCategory == null or searchCategory == 'all'">
                AND (R.RESERVE_NO LIKE '%' || #{searchValue} || '%'
                OR R.MEMBER_NO LIKE '%' || #{searchValue} || '%'
                OR R.DISPLAY_NO LIKE '%' || #{searchValue} || '%')
            </if>
        </where>
        ORDER BY R.RESERVE_NO DESC
    </select>

    <!-- 공지사항 관리 -->
    <select id="selectNoticeList" resultMap="noticeResultSet">
        SELECT 
            NOTICE_NO,
            NOTICE_TITLE,
            NOTICE_CONTENT,
            NOTICE_DATE,
            NOTICE_ATTACHMENT,
            NOTICE_STATUS,
            NOTICE_COUNT
        FROM 
            NOTICE
        ORDER BY 
            NOTICE_NO DESC
    </select>

    <select id="getNoticeListCount" resultType="int">
        SELECT COUNT(*) FROM NOTICE
    </select>

    <!-- 후기 관리 -->
	<select id="selectReviewList" resultMap="reviewResultSet">
	    SELECT 
	        R.REVIEW_NO,
	        R.REVIEW_TITLE,
	        R.REVIEW_CONTENT,
	        R.REVIEW_ENROLL_DATE,
	        R.REVIEW_COUNT,
	        R.REVIEW_IMAGE,
	        R.REVIEW_STATUS,
	        R.MEMBER_NO,
	        M.MEMBER_ID
	    FROM 
	        REVIEW R
	    JOIN 
	        MEMBER M ON R.MEMBER_NO = M.MEMBER_NO
	    ORDER BY 
	        R.REVIEW_NO DESC
	</select>

    <select id="getReviewListCount" resultType="int">
        SELECT COUNT(*) FROM REVIEW
    </select>

	<!-- 회원 관리 -->
    <select id="selectMemberList" resultMap="memberResultSet">
        SELECT 
            MEMBER_NO,
            MEMBER_ID,
            MEMBER_PWD,
            MEMBER_NAME,
            MEMBER_PHONE,
            MEMBER_EMAIL,
            MEMBER_ADDRESS,
            MEMBER_BIRTHDAY,
            MEMBER_ENROLL_DATE,
            ARTIST_ONGOING,
            MEMBER_STATUS
        FROM 
            MEMBER
        ORDER BY 
            MEMBER_NO DESC
    </select>

    <select id="getMemberListCount" resultType="int">
        SELECT COUNT(*) FROM MEMBER
    </select>

    <select id="getMemberById" parameterType="int" resultMap="memberResultSet">
        SELECT 
            MEMBER_NO,
            MEMBER_ID,
            MEMBER_PWD,
            MEMBER_NAME,
            MEMBER_PHONE,
            MEMBER_EMAIL,
            MEMBER_ADDRESS,
            MEMBER_BIRTHDAY,
            MEMBER_ENROLL_DATE,
            ARTIST_ONGOING,
            MEMBER_STATUS
        FROM 
            MEMBER
        WHERE MEMBER_NO = #{memberNo}
    </select>

    <select id="selectMemberById" parameterType="int" resultType="com.kh.curaeasyadmin.model.vo.Member">
        SELECT 
            MEMBER_NO,
            MEMBER_ID,
            MEMBER_NAME,
            MEMBER_PHONE,
            MEMBER_EMAIL,
            MEMBER_ADDRESS,
            MEMBER_BIRTHDAY,
            MEMBER_ENROLL_DATE,
            MEMBER_STATUS,
            ARTIST_ONGOING
        FROM 
            MEMBER
        WHERE 
            MEMBER_NO = #{memberNo}
    </select>

    <!-- Update a member's details -->
    <update id="updateMember" parameterType="com.kh.curaeasyadmin.model.vo.Member">
        UPDATE MEMBER
        SET 
            MEMBER_NAME = #{memberName},
            MEMBER_PHONE = #{memberPhone},
            MEMBER_EMAIL = #{memberEmail},
            MEMBER_ADDRESS = #{memberAddress},
            MEMBER_STATUS = #{memberStatus},
            ARTIST_ONGOING = #{artistOngoing}
        WHERE 
            MEMBER_NO = #{memberNo}
    </update>

    <update id="updateMemberStatus" parameterType="int">
        UPDATE MEMBER
        SET MEMBER_STATUS = 'N'
        WHERE MEMBER_NO = #{memberNo}
    </update>


    <!-- 작가 관리 -->
    <select id="selectArtistList" resultMap="artistResultSet">
        SELECT 
            ARTIST_NO,
            ARTIST_NICKNAME,
            ARTIST_ORDINAL,
            ARTIST_APPLY_DATE,
            ARTIST_APPLY_TITLE,
            ARTIST_INTRODUCE,
            ARTIST_IMAGE,
            ARTIST_RESULT,
            ARTIST_STATUS,
            MEMBER_NO
        FROM 
            ARTIST
        ORDER BY 
            ARTIST_NO DESC
    </select>

    <select id="getArtistListCount" resultType="int">
        SELECT COUNT(*) FROM ARTIST
    </select>
    
    <update id="updateArtistStatus" parameterType="map">
    UPDATE ARTIST
    SET ARTIST_RESULT = #{artistResult}, ARTIST_STATUS = #{artistStatus}
    WHERE ARTIST_NO = #{artistNo}
	</update>
	
	<update id="updateArtist" parameterType="Artist">
    UPDATE ARTIST
    SET ARTIST_NICKNAME = #{artistNickName},
        ARTIST_ORDINAL = #{artistOrdinal},
        ARTIST_INTRODUCE = #{artistIntroduce},
        ARTIST_IMAGE = #{artistImage}
    WHERE ARTIST_NO = #{artistNo}
	</update>

    <!-- 댓글 관리 -->
    <select id="selectReplyList" resultMap="replyResultSet">
        SELECT 
            REPLY_NO,
            REPLY_CONTENT,
            TO_CHAR(REPLY_ENROLL_DATE, 'YYYY-MM-DD') AS REPLY_ENROLL_DATE,
            REPLY_STATUS,
            REVIEW_NO,
            MEMBER_NO
        FROM 
            REPLY
        ORDER BY 
            REPLY_NO
    </select>
	<!-- 공지사항 조회 -->
    <select id="selectNoticeDetail" parameterType="_int" resultMap="noticeResultSet">
        SELECT * 
        FROM NOTICE
        WHERE NOTICE_NO = #{noticeNo} AND NOTICE_STATUS = 'Y'
    </select>
    <update id="noticeUpdate" parameterType="com.kh.curaeasyadmin.model.vo.Notice">
    UPDATE NOTICE
    SET NOTICE_TITLE = #{noticeTitle},
        NOTICE_CONTENT = #{noticeContent},
        NOTICE_ATTACHMENT = #{noticeAttachment}
    WHERE NOTICE_NO = #{noticeNo} AND NOTICE_STATUS = 'Y'
	</update>
	
	   <insert id="insertNotice" parameterType="com.kh.curaeasyadmin.model.vo.Notice">
        INSERT INTO NOTICE (NOTICE_NO, NOTICE_TITLE, NOTICE_CONTENT, NOTICE_ATTACHMENT, NOTICE_STATUS)
        VALUES (SEQ_NOTICE_NO.NEXTVAL, #{noticeTitle}, #{noticeContent}, #{noticeAttachment},'Y')
    </insert>
</mapper>
