<?xml version="1.0" encoding="UTF-8"?>
<beans:beans xmlns="http://www.springframework.org/schema/mvc"
	xmlns:xsi="http://www.w3.org/2001/XMLSchema-instance"
	xmlns:beans="http://www.springframework.org/schema/beans"
	xmlns:context="http://www.springframework.org/schema/context"
	xsi:schemaLocation="http://www.springframework.org/schema/mvc https://www.springframework.org/schema/mvc/spring-mvc.xsd
		http://www.springframework.org/schema/beans https://www.springframework.org/schema/beans/spring-beans.xsd
		http://www.springframework.org/schema/context https://www.springframework.org/schema/context/spring-context.xsd">

	<!-- DispatcherServlet Context: defines this servlet's request-processing infrastructure -->
	
	<!-- Enables the Spring MVC @Controller programming model -->
	<annotation-driven />

	<!-- Handles HTTP GET requests for /resources/** by efficiently serving up static resources in the ${webappRoot}/resources directory -->
	<resources mapping="/resources/**" location="/resources/" />

	<!-- Resolves views selected for rendering by @Controllers to .jsp resources in the /WEB-INF/views directory -->
	<beans:bean class="org.springframework.web.servlet.view.InternalResourceViewResolver">
		<beans:property name="prefix" value="/WEB-INF/views/" />
		<beans:property name="suffix" value=".jsp" />
	</beans:bean>
	
	<context:component-scan base-package="com.kh.curaeasy" />
	
	<interceptors>
		<interceptor>
			<!-- 권한체크가 필요한 요청들을 mapping 으로 다 나열하면 됨-->
			<mapping path="/myPage.me" />
			<mapping path="/enrollForm.bo" />
			<mapping path="/update.me" />
			<mapping path="/delete.me" />
			<mapping path="/enrollForm.at" />
			<beans:bean class="com.kh.curaeasy.common.interceptor.LoginInterceptor" 
						id="loginInterceptor" />	 
		</interceptor>
		
		<interceptor>
			<!-- 권한체크가 필요한 요청들을 mapping 으로 다 나열하면 됨-->
			<mapping path="/calendar.re" />
			<beans:bean class="com.kh.curaeasy.common.interceptor.ArtistInterceptor" 
						id="ArtistInterceptor" />	 
		</interceptor>
	</interceptors>
	<!-- 이메일 전송 관련 빈 등록 -->
	<beans:bean class="org.springframework.mail.javamail.JavaMailSenderImpl" id="mailSender">
		<beans:property name="host" value="smtp.gmail.com"/>
		<beans:property name="port" value="25"/>
		<beans:property name="username" value="curaeasy2024@gmail.com"/>
		<beans:property name="password" value="yblxcoedthqozqid"/>
		<!-- 
			email 전송 시 필요한 SMTP 관련 설정값 
			Properties prop = new Properties();
			prop.setProperty("키갑","벨류값")
		-->
		<beans:property name="javaMailProperties">
			<beans:props>
				<beans:prop key="mail.transport.protocol">smtp</beans:prop>
				<beans:prop key="mail.smtp.auth">true</beans:prop>
				<beans:prop key="mail.smtp.starttls.enable">true</beans:prop>
			</beans:props>
		</beans:property>
	</beans:bean>
	
	
</beans:beans>
